,timestamp,turbine_id,sensor,rpm,kw,measurement,dF,fft.tracked.HSS1_28Hz.max,fft.tracked.HSS2_56Hz.max,fft.tracked.HSS3_84Hz.max,fft.tracked.random1_40Hz.max,fft.tracked.random2_80Hz.max
0,2016-01-14 17:20:04,T001,SENSOR 2,1672,1645,fft_4000,1.25,0.10137913,0.047707826,0.03578087,0.041744348,0.03578087
1,2016-01-14 17:20:04,T001,SENSOR 2,1672,1645,fft_100,0.125,0.083488695,0.092433915,0.10137913,0.10436087,0.09839739
2,2016-01-14 17:20:04,T001,SENSOR 2,1672,1645,fft_400,0.5,0.07156174,0.07156174,0.053671304,0.06261652,0.06261652
3,2016-01-14 18:29:01,T001,SENSOR 2,1676,1476,fft_4000,1.25,0.09541565,0.03578087,0.03578087,0.03578087,0.03578087
4,2016-01-14 18:29:01,T001,SENSOR 2,1676,1476,fft_100,0.125,0.10734261,0.08050696,0.110324346,0.110324346,0.10137913
5,2016-01-14 18:29:01,T001,SENSOR 2,1676,1476,fft_400,0.5,0.065598264,0.06261652,0.047707826,0.047707826,0.06261652
6,2016-01-14 18:38:03,T001,SENSOR 2,1690,1462,fft_4000,1.25,0.083488695,0.047707826,0.03578087,0.047707826,0.032799132
7,2016-01-14 18:38:03,T001,SENSOR 2,1690,1462,fft_100,0.125,0.17294087,0.092433915,0.110324346,0.10137913,0.119269565
8,2016-01-14 18:38:03,T001,SENSOR 2,1690,1462,fft_400,0.5,0.074543476,0.059634782,0.041744348,0.056653045,0.059634782
9,2016-01-15 17:50:05,T001,SENSOR 2,1673,1450,fft_4000,1.25,0.074543476,0.047707826,0.03578087,0.04472609,0.03578087
10,2016-01-15 17:50:05,T001,SENSOR 2,1673,1450,fft_100,0.125,0.10734261,0.11330609,0.13417827,0.09839739,0.12523304
11,2016-01-15 17:50:05,T001,SENSOR 2,1673,1450,fft_400,0.5,0.047707826,0.053671304,0.056653045,0.059634782,0.038762607
12,2016-01-15 18:16:02,T001,SENSOR 2,1672,1577,fft_4000,1.25,0.065598264,0.050689563,0.03578087,0.041744348,0.03578087
13,2016-01-15 18:16:02,T001,SENSOR 2,1672,1577,fft_100,0.125,0.09839739,0.10734261,0.119269565,0.11330609,0.119269565
14,2016-01-15 18:16:02,T001,SENSOR 2,1672,1577,fft_400,0.5,0.07156174,0.047707826,0.04472609,0.050689563,0.04472609
15,2016-01-15 22:49:04,T001,SENSOR 2,1669,1372,fft_4000,1.25,0.07156174,0.041744348,0.03578087,0.04472609,0.032799132
16,2016-01-15 22:49:04,T001,SENSOR 2,1669,1372,fft_100,0.125,0.07156174,0.12523304,0.119269565,0.07752521,0.10137913
17,2016-01-15 22:49:04,T001,SENSOR 2,1669,1372,fft_400,0.5,0.083488695,0.06858,0.06858,0.059634782,0.038762607
18,2016-01-17 16:16:05,T001,SENSOR 2,1675,1446,fft_4000,1.25,0.074543476,0.047707826,0.03578087,0.04472609,0.041744348
19,2016-01-17 16:16:05,T001,SENSOR 2,1675,1446,fft_100,0.125,0.20275825,0.16101392,0.11330609,0.15505043,0.13119653
20,2016-01-17 16:16:05,T001,SENSOR 2,1675,1446,fft_400,0.5,0.074543476,0.053671304,0.065598264,0.047707826,0.065598264
21,2016-01-19 20:44:01,T001,SENSOR 2,1684,1366,fft_4000,1.25,0.083488695,0.059634782,0.032799132,0.041744348,0.03578087
22,2016-01-19 20:44:01,T001,SENSOR 2,1684,1366,fft_100,0.125,0.110324346,0.10734261,0.09541565,0.092433915,0.14908695
23,2016-01-19 20:44:01,T001,SENSOR 2,1684,1366,fft_400,0.5,0.07156174,0.074543476,0.065598264,0.083488695,0.047707826
24,2016-01-19 20:57:03,T001,SENSOR 2,1684,1473,fft_4000,1.25,0.08945218,0.053671304,0.041744348,0.04472609,0.03578087
25,2016-01-19 20:57:03,T001,SENSOR 2,1684,1473,fft_100,0.125,0.14312348,0.11330609,0.14312348,0.13716,0.14312348
26,2016-01-19 20:57:03,T001,SENSOR 2,1684,1473,fft_400,0.5,0.065598264,0.04472609,0.047707826,0.06261652,0.06858
27,2016-01-19 21:51:00,T001,SENSOR 2,1680,1381,fft_4000,1.25,0.083488695,0.041744348,0.03578087,0.04472609,0.03578087
28,2016-01-19 21:51:00,T001,SENSOR 2,1680,1381,fft_100,0.125,0.10137913,0.092433915,0.12523304,0.10137913,0.12523304
29,2016-01-19 21:51:00,T001,SENSOR 2,1680,1381,fft_400,0.5,0.07752521,0.06858,0.06858,0.07156174,0.074543476
30,2016-01-19 22:43:03,T001,SENSOR 2,1684,1380,fft_4000,1.25,0.07752521,0.047707826,0.03578087,0.04472609,0.03578087
31,2016-01-19 22:43:03,T001,SENSOR 2,1684,1380,fft_100,0.125,0.12523304,0.10436087,0.15505043,0.15206869,0.15505043
32,2016-01-19 22:43:03,T001,SENSOR 2,1684,1380,fft_400,0.5,0.053671304,0.059634782,0.074543476,0.06858,0.047707826
33,2016-01-20 09:41:03,T001,SENSOR 2,1682,1444,fft_4000,1.25,0.07752521,0.04472609,0.03578087,0.04472609,0.03578087
34,2016-01-20 09:41:03,T001,SENSOR 2,1682,1444,fft_100,0.125,0.119269565,0.15206869,0.13417827,0.110324346,0.14312348
35,2016-01-20 09:41:03,T001,SENSOR 2,1682,1444,fft_400,0.5,0.08945218,0.092433915,0.047707826,0.053671304,0.050689563
36,2016-01-20 14:58:01,T001,SENSOR 2,1680,1639,fft_4000,1.25,0.07156174,0.041744348,0.041744348,0.04472609,0.041744348
37,2016-01-20 14:58:01,T001,SENSOR 2,1680,1639,fft_100,0.125,0.20872174,0.1908313,0.21468522,0.17890435,0.13716
38,2016-01-20 14:58:01,T001,SENSOR 2,1680,1639,fft_400,0.5,0.092433915,0.06858,0.08050696,0.10734261,0.08945218
39,2016-01-20 15:40:00,T001,SENSOR 2,1684,1397,fft_4000,1.25,0.07156174,0.041744348,0.032799132,0.04472609,0.03578087
40,2016-01-20 15:40:00,T001,SENSOR 2,1684,1397,fft_100,0.125,0.083488695,0.07752521,0.110324346,0.08945218,0.059634782
41,2016-01-20 15:40:00,T001,SENSOR 2,1684,1397,fft_400,0.5,0.08647043,0.047707826,0.08945218,0.059634782,0.08945218
42,2016-01-20 16:02:05,T001,SENSOR 2,1684,1359,fft_4000,1.25,0.074543476,0.06261652,0.029817391,0.041744348,0.041744348
43,2016-01-20 16:02:05,T001,SENSOR 2,1684,1359,fft_100,0.125,0.15803218,0.14014174,0.13716,0.13119653,0.13716
44,2016-01-20 16:02:05,T001,SENSOR 2,1684,1359,fft_400,0.5,0.053671304,0.07156174,0.056653045,0.047707826,0.059634782
45,2016-01-20 16:40:04,T001,SENSOR 2,1688,1502,fft_4000,1.25,0.09541565,0.041744348,0.032799132,0.04472609,0.03578087
46,2016-01-20 16:40:04,T001,SENSOR 2,1688,1502,fft_100,0.125,0.14908695,0.14908695,0.09839739,0.1222513,0.10137913
47,2016-01-20 16:40:04,T001,SENSOR 2,1688,1502,fft_400,0.5,0.09839739,0.074543476,0.047707826,0.08050696,0.065598264
48,2016-01-20 23:40:02,T001,SENSOR 2,1681,1508,fft_4000,1.25,0.083488695,0.050689563,0.041744348,0.041744348,0.03578087
49,2016-01-20 23:40:02,T001,SENSOR 2,1681,1508,fft_100,0.125,0.12523304,0.13119653,0.09541565,0.1222513,0.16101392
50,2016-01-20 23:40:02,T001,SENSOR 2,1681,1508,fft_400,0.5,0.065598264,0.047707826,0.08945218,0.06858,0.050689563
51,2016-01-21 03:27:02,T001,SENSOR 2,1686,1498,fft_4000,1.25,0.065598264,0.04472609,0.03578087,0.04472609,0.041744348
52,2016-01-21 03:27:02,T001,SENSOR 2,1686,1498,fft_100,0.125,0.119269565,0.11330609,0.13417827,0.11330609,0.1222513
53,2016-01-21 03:27:02,T001,SENSOR 2,1686,1498,fft_400,0.5,0.059634782,0.06858,0.053671304,0.053671304,0.065598264
54,2016-01-21 04:26:00,T001,SENSOR 2,1678,1425,fft_4000,1.25,0.08050696,0.041744348,0.041744348,0.04472609,0.041744348
55,2016-01-21 04:26:00,T001,SENSOR 2,1678,1425,fft_100,0.125,0.14312348,0.13417827,0.14014174,0.20275825,0.14312348
56,2016-01-21 04:26:00,T001,SENSOR 2,1678,1425,fft_400,0.5,0.09839739,0.083488695,0.038762607,0.065598264,0.047707826
57,2016-01-14 17:20:04,T001,SENSOR 4,1672,1645,fft_4000,1.25,0.11955734,0.10760161,0.071734406,0.071734406,0.06575654
58,2016-01-14 17:20:04,T001,SENSOR 4,1672,1645,fft_100,0.125,0.14944668,0.17335814,0.18531388,0.18531388,0.14346881
59,2016-01-14 17:20:04,T001,SENSOR 4,1672,1645,fft_400,0.5,0.15542455,0.089668006,0.089668006,0.095645875,0.089668006
60,2016-01-14 18:29:01,T001,SENSOR 4,1676,1476,fft_4000,1.25,0.1255352,0.08369014,0.05977867,0.089668006,0.071734406
61,2016-01-14 18:29:01,T001,SENSOR 4,1676,1476,fft_100,0.125,0.20324749,0.20324749,0.14944668,0.14346881,0.17335814
62,2016-01-14 18:29:01,T001,SENSOR 4,1676,1476,fft_400,0.5,0.095645875,0.113579474,0.1255352,0.10760161,0.10760161
63,2016-01-14 18:38:03,T001,SENSOR 4,1690,1462,fft_4000,1.25,0.11955734,0.071734406,0.05977867,0.089668006,0.071734406
64,2016-01-14 18:38:03,T001,SENSOR 4,1690,1462,fft_100,0.125,0.19129175,0.15542455,0.17933601,0.18531388,0.17933601
65,2016-01-14 18:38:03,T001,SENSOR 4,1690,1462,fft_400,0.5,0.15542455,0.077712275,0.095645875,0.095645875,0.1255352
66,2016-01-15 17:50:05,T001,SENSOR 4,1673,1450,fft_4000,1.25,0.113579474,0.095645875,0.071734406,0.08369014,0.06575654
67,2016-01-15 17:50:05,T001,SENSOR 4,1673,1450,fft_100,0.125,0.15542455,0.13151307,0.19129175,0.15542455,0.14944668
68,2016-01-15 17:50:05,T001,SENSOR 4,1673,1450,fft_400,0.5,0.13749094,0.113579474,0.095645875,0.10760161,0.089668006
69,2016-01-15 18:16:02,T001,SENSOR 4,1672,1577,fft_4000,1.25,0.11955734,0.10760161,0.071734406,0.08369014,0.071734406
70,2016-01-15 18:16:02,T001,SENSOR 4,1672,1577,fft_100,0.125,0.15542455,0.13151307,0.15542455,0.16738027,0.17933601
71,2016-01-15 18:16:02,T001,SENSOR 4,1672,1577,fft_400,0.5,0.11955734,0.095645875,0.10760161,0.095645875,0.077712275
72,2016-01-15 22:49:04,T001,SENSOR 4,1669,1372,fft_4000,1.25,0.113579474,0.08369014,0.08369014,0.08369014,0.06575654
73,2016-01-15 22:49:04,T001,SENSOR 4,1669,1372,fft_100,0.125,0.13151307,0.16738027,0.21520323,0.14944668,0.18531388
74,2016-01-15 22:49:04,T001,SENSOR 4,1669,1372,fft_400,0.5,0.10760161,0.10760161,0.13151307,0.11955734,0.08369014
75,2016-01-17 16:16:05,T001,SENSOR 4,1675,1446,fft_4000,1.25,0.13151307,0.08369014,0.071734406,0.071734406,0.06575654
76,2016-01-17 16:16:05,T001,SENSOR 4,1675,1446,fft_100,0.125,0.15542455,0.14944668,0.17335814,0.17933601,0.17335814
77,2016-01-17 16:16:05,T001,SENSOR 4,1675,1446,fft_400,0.5,0.13749094,0.11955734,0.095645875,0.10760161,0.095645875
78,2016-01-19 20:44:01,T001,SENSOR 4,1684,1366,fft_4000,1.25,0.10760161,0.08369014,0.071734406,0.08369014,0.071734406
79,2016-01-19 20:44:01,T001,SENSOR 4,1684,1366,fft_100,0.125,0.16738027,0.11955734,0.16738027,0.13151307,0.16738027
80,2016-01-19 20:44:01,T001,SENSOR 4,1684,1366,fft_400,0.5,0.089668006,0.14944668,0.095645875,0.15542455,0.095645875
81,2016-01-19 20:57:03,T001,SENSOR 4,1684,1473,fft_4000,1.25,0.10760161,0.089668006,0.05977867,0.08369014,0.071734406
82,2016-01-19 20:57:03,T001,SENSOR 4,1684,1473,fft_100,0.125,0.18531388,0.20324749,0.16738027,0.16738027,0.20324749
83,2016-01-19 20:57:03,T001,SENSOR 4,1684,1473,fft_400,0.5,0.089668006,0.13151307,0.095645875,0.10760161,0.10760161
84,2016-01-19 21:51:00,T001,SENSOR 4,1680,1381,fft_4000,1.25,0.13151307,0.10760161,0.08369014,0.089668006,0.08369014
85,2016-01-19 21:51:00,T001,SENSOR 4,1680,1381,fft_100,0.125,0.19129175,0.16140242,0.16140242,0.17335814,0.17933601
86,2016-01-19 21:51:00,T001,SENSOR 4,1680,1381,fft_400,0.5,0.13749094,0.06575654,0.10760161,0.14944668,0.10760161
87,2016-01-19 22:43:03,T001,SENSOR 4,1684,1380,fft_4000,1.25,0.1255352,0.10760161,0.071734406,0.089668006,0.071734406
88,2016-01-19 22:43:03,T001,SENSOR 4,1684,1380,fft_100,0.125,0.11955734,0.13151307,0.16738027,0.17933601,0.16738027
89,2016-01-19 22:43:03,T001,SENSOR 4,1684,1380,fft_400,0.5,0.089668006,0.077712275,0.095645875,0.08369014,0.13151307
90,2016-01-20 09:41:03,T001,SENSOR 4,1682,1444,fft_4000,1.25,0.11955734,0.095645875,0.071734406,0.089668006,0.071734406
91,2016-01-20 09:41:03,T001,SENSOR 4,1682,1444,fft_100,0.125,0.14346881,0.14346881,0.13749094,0.11955734,0.20324749
92,2016-01-20 09:41:03,T001,SENSOR 4,1682,1444,fft_400,0.5,0.13749094,0.077712275,0.095645875,0.13151307,0.13151307
93,2016-01-20 14:58:01,T001,SENSOR 4,1680,1639,fft_4000,1.25,0.14944668,0.10760161,0.08369014,0.089668006,0.071734406
94,2016-01-20 14:58:01,T001,SENSOR 4,1680,1639,fft_100,0.125,0.29889336,0.37062776,0.31682697,0.31682697,0.31682697
95,2016-01-20 14:58:01,T001,SENSOR 4,1680,1639,fft_400,0.5,0.17335814,0.16738027,0.16738027,0.22118108,0.16738027
96,2016-01-20 15:40:00,T001,SENSOR 4,1684,1397,fft_4000,1.25,0.11955734,0.101623744,0.071734406,0.08369014,0.06575654
97,2016-01-20 15:40:00,T001,SENSOR 4,1684,1397,fft_100,0.125,0.17335814,0.14944668,0.16738027,0.23313682,0.15542455
98,2016-01-20 15:40:00,T001,SENSOR 4,1684,1397,fft_400,0.5,0.089668006,0.095645875,0.16738027,0.10760161,0.16738027
99,2016-01-20 16:02:05,T001,SENSOR 4,1684,1359,fft_4000,1.25,0.101623744,0.089668006,0.071734406,0.089668006,0.071734406
100,2016-01-20 16:02:05,T001,SENSOR 4,1684,1359,fft_100,0.125,0.17933601,0.16738027,0.2510704,0.17933601,0.2510704
101,2016-01-20 16:02:05,T001,SENSOR 4,1684,1359,fft_400,0.5,0.10760161,0.1255352,0.11955734,0.089668006,0.11955734
102,2016-01-20 16:40:04,T001,SENSOR 4,1688,1502,fft_4000,1.25,0.10760161,0.08369014,0.089668006,0.071734406,0.071734406
103,2016-01-20 16:40:04,T001,SENSOR 4,1688,1502,fft_100,0.125,0.21520323,0.23313682,0.22118108,0.24509256,0.22118108
104,2016-01-20 16:40:04,T001,SENSOR 4,1688,1502,fft_400,0.5,0.11955734,0.14346881,0.089668006,0.08369014,0.08369014
105,2016-01-20 23:40:02,T001,SENSOR 4,1681,1508,fft_4000,1.25,0.101623744,0.089668006,0.071734406,0.089668006,0.071734406
106,2016-01-20 23:40:02,T001,SENSOR 4,1681,1508,fft_100,0.125,0.17933601,0.15542455,0.14346881,0.16738027,0.23911469
107,2016-01-20 23:40:02,T001,SENSOR 4,1681,1508,fft_400,0.5,0.10760161,0.10760161,0.11955734,0.113579474,0.101623744
108,2016-01-21 03:27:02,T001,SENSOR 4,1686,1498,fft_4000,1.25,0.13151307,0.101623744,0.06575654,0.089668006,0.06575654
109,2016-01-21 03:27:02,T001,SENSOR 4,1686,1498,fft_100,0.125,0.20324749,0.17335814,0.20324749,0.14346881,0.13151307
110,2016-01-21 03:27:02,T001,SENSOR 4,1686,1498,fft_400,0.5,0.11955734,0.10760161,0.089668006,0.095645875,0.095645875
111,2016-01-21 04:26:00,T001,SENSOR 4,1678,1425,fft_4000,1.25,0.16140242,0.089668006,0.071734406,0.089668006,0.071734406
112,2016-01-21 04:26:00,T001,SENSOR 4,1678,1425,fft_100,0.125,0.13151307,0.16738027,0.20324749,0.23911469,0.22118108
113,2016-01-21 04:26:00,T001,SENSOR 4,1678,1425,fft_400,0.5,0.14944668,0.095645875,0.10760161,0.10760161,0.10760161
114,2016-01-14 17:20:04,T001,SENSOR 6,1672,1645,fft_4000,1.25,0.096309856,0.108348586,0.072232395,0.09029049,0.072232395
115,2016-01-14 17:20:04,T001,SENSOR 6,1672,1645,fft_100,0.125,0.072232395,0.06621303,0.06621303,0.084271125,0.048154928
116,2016-01-14 17:20:04,T001,SENSOR 6,1672,1645,fft_400,0.5,0.07825176,0.060193658,0.06621303,0.07825176,0.07825176
117,2016-01-14 18:29:01,T001,SENSOR 6,1676,1476,fft_4000,1.25,0.09029049,0.072232395,0.072232395,0.09029049,0.072232395
118,2016-01-14 18:29:01,T001,SENSOR 6,1676,1476,fft_100,0.125,0.072232395,0.060193658,0.048154928,0.06621303,0.048154928
119,2016-01-14 18:29:01,T001,SENSOR 6,1676,1476,fft_400,0.5,0.06621303,0.072232395,0.060193658,0.084271125,0.048154928
120,2016-01-14 18:38:03,T001,SENSOR 6,1690,1462,fft_4000,1.25,0.096309856,0.084271125,0.06621303,0.072232395,0.06621303
121,2016-01-14 18:38:03,T001,SENSOR 6,1690,1462,fft_100,0.125,0.102329224,0.096309856,0.084271125,0.084271125,0.084271125
122,2016-01-14 18:38:03,T001,SENSOR 6,1690,1462,fft_400,0.5,0.09029049,0.06621303,0.054174293,0.096309856,0.054174293
123,2016-01-15 17:50:05,T001,SENSOR 6,1673,1450,fft_4000,1.25,0.096309856,0.084271125,0.06621303,0.09029049,0.072232395
124,2016-01-15 17:50:05,T001,SENSOR 6,1673,1450,fft_100,0.125,0.096309856,0.09029049,0.06621303,0.084271125,0.072232395
125,2016-01-15 17:50:05,T001,SENSOR 6,1673,1450,fft_400,0.5,0.096309856,0.07825176,0.054174293,0.06621303,0.072232395
126,2016-01-15 18:16:02,T001,SENSOR 6,1672,1577,fft_4000,1.25,0.108348586,0.09029049,0.072232395,0.072232395,0.072232395
127,2016-01-15 18:16:02,T001,SENSOR 6,1672,1577,fft_100,0.125,0.072232395,0.072232395,0.06621303,0.09029049,0.084271125
128,2016-01-15 18:16:02,T001,SENSOR 6,1672,1577,fft_400,0.5,0.09029049,0.060193658,0.084271125,0.060193658,0.06621303
129,2016-01-15 22:49:04,T001,SENSOR 6,1669,1372,fft_4000,1.25,0.108348586,0.096309856,0.072232395,0.09029049,0.06621303
130,2016-01-15 22:49:04,T001,SENSOR 6,1669,1372,fft_100,0.125,0.072232395,0.06621303,0.072232395,0.06621303,0.048154928
131,2016-01-15 22:49:04,T001,SENSOR 6,1669,1372,fft_400,0.5,0.084271125,0.06621303,0.072232395,0.06621303,0.072232395
132,2016-01-17 16:16:05,T001,SENSOR 6,1675,1446,fft_4000,1.25,0.09029049,0.096309856,0.072232395,0.096309856,0.06621303
133,2016-01-17 16:16:05,T001,SENSOR 6,1675,1446,fft_100,0.125,0.102329224,0.072232395,0.072232395,0.09029049,0.072232395
134,2016-01-17 16:16:05,T001,SENSOR 6,1675,1446,fft_400,0.5,0.09029049,0.060193658,0.084271125,0.09029049,0.084271125
135,2016-01-19 20:44:01,T001,SENSOR 6,1684,1366,fft_4000,1.25,0.102329224,0.108348586,0.072232395,0.09029049,0.06621303
136,2016-01-19 20:44:01,T001,SENSOR 6,1684,1366,fft_100,0.125,0.072232395,0.06621303,0.048154928,0.06621303,0.060193658
137,2016-01-19 20:44:01,T001,SENSOR 6,1684,1366,fft_400,0.5,0.108348586,0.07825176,0.06621303,0.096309856,0.084271125
138,2016-01-19 20:57:03,T001,SENSOR 6,1684,1473,fft_4000,1.25,0.09029049,0.096309856,0.072232395,0.072232395,0.072232395
139,2016-01-19 20:57:03,T001,SENSOR 6,1684,1473,fft_100,0.125,0.084271125,0.072232395,0.072232395,0.09029049,0.048154928
140,2016-01-19 20:57:03,T001,SENSOR 6,1684,1473,fft_400,0.5,0.084271125,0.060193658,0.06621303,0.06621303,0.072232395
141,2016-01-19 21:51:00,T001,SENSOR 6,1680,1381,fft_4000,1.25,0.096309856,0.096309856,0.060193658,0.09029049,0.072232395
142,2016-01-19 21:51:00,T001,SENSOR 6,1680,1381,fft_100,0.125,0.072232395,0.06621303,0.084271125,0.072232395,0.060193658
143,2016-01-19 21:51:00,T001,SENSOR 6,1680,1381,fft_400,0.5,0.084271125,0.09029049,0.072232395,0.06621303,0.072232395
144,2016-01-19 22:43:03,T001,SENSOR 6,1684,1380,fft_4000,1.25,0.096309856,0.09029049,0.072232395,0.09029049,0.072232395
145,2016-01-19 22:43:03,T001,SENSOR 6,1684,1380,fft_100,0.125,0.084271125,0.06621303,0.060193658,0.084271125,0.072232395
146,2016-01-19 22:43:03,T001,SENSOR 6,1684,1380,fft_400,0.5,0.072232395,0.06621303,0.054174293,0.084271125,0.054174293
147,2016-01-20 09:41:03,T001,SENSOR 6,1682,1444,fft_4000,1.25,0.096309856,0.09029049,0.072232395,0.096309856,0.06621303
148,2016-01-20 09:41:03,T001,SENSOR 6,1682,1444,fft_100,0.125,0.084271125,0.09029049,0.060193658,0.06621303,0.06621303
149,2016-01-20 09:41:03,T001,SENSOR 6,1682,1444,fft_400,0.5,0.07825176,0.06621303,0.06621303,0.072232395,0.06621303
150,2016-01-20 14:58:01,T001,SENSOR 6,1680,1639,fft_4000,1.25,0.096309856,0.09029049,0.072232395,0.09029049,0.072232395
151,2016-01-20 14:58:01,T001,SENSOR 6,1680,1639,fft_100,0.125,0.23475528,0.18058097,0.16252288,0.19863908,0.18660034
152,2016-01-20 14:58:01,T001,SENSOR 6,1680,1639,fft_400,0.5,0.14446479,0.072232395,0.108348586,0.15048414,0.102329224
153,2016-01-20 15:40:00,T001,SENSOR 6,1684,1397,fft_4000,1.25,0.096309856,0.09029049,0.072232395,0.084271125,0.072232395
154,2016-01-20 15:40:00,T001,SENSOR 6,1684,1397,fft_100,0.125,0.084271125,0.06621303,0.060193658,0.072232395,0.06621303
155,2016-01-20 15:40:00,T001,SENSOR 6,1684,1397,fft_400,0.5,0.06621303,0.06621303,0.07825176,0.06621303,0.07825176
156,2016-01-20 16:02:05,T001,SENSOR 6,1684,1359,fft_4000,1.25,0.09029049,0.102329224,0.084271125,0.09029049,0.06621303
157,2016-01-20 16:02:05,T001,SENSOR 6,1684,1359,fft_100,0.125,0.096309856,0.084271125,0.114367954,0.084271125,0.072232395
158,2016-01-20 16:02:05,T001,SENSOR 6,1684,1359,fft_400,0.5,0.07825176,0.06621303,0.07825176,0.060193658,0.07825176
159,2016-01-20 16:40:04,T001,SENSOR 6,1688,1502,fft_4000,1.25,0.096309856,0.072232395,0.072232395,0.09029049,0.072232395
160,2016-01-20 16:40:04,T001,SENSOR 6,1688,1502,fft_100,0.125,0.084271125,0.09029049,0.060193658,0.096309856,0.060193658
161,2016-01-20 16:40:04,T001,SENSOR 6,1688,1502,fft_400,0.5,0.114367954,0.07825176,0.06621303,0.06621303,0.072232395
162,2016-01-20 23:40:02,T001,SENSOR 6,1681,1508,fft_4000,1.25,0.09029049,0.102329224,0.072232395,0.09029049,0.06621303
163,2016-01-20 23:40:02,T001,SENSOR 6,1681,1508,fft_100,0.125,0.096309856,0.096309856,0.06621303,0.096309856,0.06621303
164,2016-01-20 23:40:02,T001,SENSOR 6,1681,1508,fft_400,0.5,0.072232395,0.084271125,0.06621303,0.09029049,0.060193658
165,2016-01-21 03:27:02,T001,SENSOR 6,1686,1498,fft_4000,1.25,0.102329224,0.072232395,0.06621303,0.09029049,0.06621303
166,2016-01-21 03:27:02,T001,SENSOR 6,1686,1498,fft_100,0.125,0.072232395,0.084271125,0.072232395,0.09029049,0.048154928
167,2016-01-21 03:27:02,T001,SENSOR 6,1686,1498,fft_400,0.5,0.07825176,0.07825176,0.060193658,0.06621303,0.06621303
168,2016-01-21 04:26:00,T001,SENSOR 6,1678,1425,fft_4000,1.25,0.09029049,0.084271125,0.072232395,0.09029049,0.072232395
169,2016-01-21 04:26:00,T001,SENSOR 6,1678,1425,fft_100,0.125,0.084271125,0.06621303,0.048154928,0.084271125,0.084271125
170,2016-01-21 04:26:00,T001,SENSOR 6,1678,1425,fft_400,0.5,0.108348586,0.102329224,0.072232395,0.06621303,0.072232395
171,2016-01-14 17:20:04,T001,SENSOR 7,1672,1645,fft_4000,1.25,0.1261003,0.09607642,0.072057314,0.09007165,0.06605254
172,2016-01-14 17:20:04,T001,SENSOR 7,1672,1645,fft_100,0.125,0.072057314,0.036028657,0.036028657,0.04803821,0.030023882
173,2016-01-14 17:20:04,T001,SENSOR 7,1672,1645,fft_400,0.5,0.06605254,0.078062095,0.04803821,0.09607642,0.04803821
174,2016-01-14 18:29:01,T001,SENSOR 7,1676,1476,fft_4000,1.25,0.12009553,0.08406687,0.072057314,0.09007165,0.072057314
175,2016-01-14 18:29:01,T001,SENSOR 7,1676,1476,fft_100,0.125,0.04803821,0.04803821,0.04803821,0.04803821,0.04803821
176,2016-01-14 18:29:01,T001,SENSOR 7,1676,1476,fft_400,0.5,0.06605254,0.08406687,0.04803821,0.06605254,0.030023882
177,2016-01-14 18:38:03,T001,SENSOR 7,1690,1462,fft_4000,1.25,0.108085975,0.08406687,0.072057314,0.09007165,0.072057314
178,2016-01-14 18:38:03,T001,SENSOR 7,1690,1462,fft_100,0.125,0.04803821,0.036028657,0.036028657,0.04803821,0.036028657
179,2016-01-14 18:38:03,T001,SENSOR 7,1690,1462,fft_400,0.5,0.072057314,0.078062095,0.06605254,0.054042988,0.036028657
180,2016-01-15 17:50:05,T001,SENSOR 7,1673,1450,fft_4000,1.25,0.13210508,0.08406687,0.060047764,0.072057314,0.060047764
181,2016-01-15 17:50:05,T001,SENSOR 7,1673,1450,fft_100,0.125,0.04803821,0.036028657,0.04803821,0.04803821,0.030023882
182,2016-01-15 17:50:05,T001,SENSOR 7,1673,1450,fft_400,0.5,0.09007165,0.078062095,0.060047764,0.054042988,0.054042988
183,2016-01-15 18:16:02,T001,SENSOR 7,1672,1577,fft_4000,1.25,0.12009553,0.102081195,0.060047764,0.072057314,0.06605254
184,2016-01-15 18:16:02,T001,SENSOR 7,1672,1577,fft_100,0.125,0.09007165,0.04803821,0.036028657,0.060047764,0.030023882
185,2016-01-15 18:16:02,T001,SENSOR 7,1672,1577,fft_400,0.5,0.06605254,0.09607642,0.04803821,0.04803821,0.04803821
186,2016-01-15 22:49:04,T001,SENSOR 7,1669,1372,fft_4000,1.25,0.13210508,0.09007165,0.072057314,0.072057314,0.06605254
187,2016-01-15 22:49:04,T001,SENSOR 7,1669,1372,fft_100,0.125,0.06605254,0.036028657,0.04803821,0.04803821,0.04803821
188,2016-01-15 22:49:04,T001,SENSOR 7,1669,1372,fft_400,0.5,0.06605254,0.12009553,0.04803821,0.060047764,0.04803821
189,2016-01-17 16:16:05,T001,SENSOR 7,1675,1446,fft_4000,1.25,0.12009553,0.09607642,0.072057314,0.072057314,0.072057314
190,2016-01-17 16:16:05,T001,SENSOR 7,1675,1446,fft_100,0.125,0.06605254,0.08406687,0.04803821,0.04803821,0.04803821
191,2016-01-17 16:16:05,T001,SENSOR 7,1675,1446,fft_400,0.5,0.060047764,0.078062095,0.036028657,0.078062095,0.036028657
192,2016-01-19 20:44:01,T001,SENSOR 7,1684,1366,fft_4000,1.25,0.108085975,0.108085975,0.072057314,0.09607642,0.072057314
193,2016-01-19 20:44:01,T001,SENSOR 7,1684,1366,fft_100,0.125,0.060047764,0.04803821,0.04803821,0.072057314,0.04803821
194,2016-01-19 20:44:01,T001,SENSOR 7,1684,1366,fft_400,0.5,0.060047764,0.078062095,0.06605254,0.078062095,0.036028657
195,2016-01-19 20:57:03,T001,SENSOR 7,1684,1473,fft_4000,1.25,0.13210508,0.08406687,0.072057314,0.072057314,0.072057314
196,2016-01-19 20:57:03,T001,SENSOR 7,1684,1473,fft_100,0.125,0.06605254,0.04803821,0.04803821,0.04803821,0.036028657
197,2016-01-19 20:57:03,T001,SENSOR 7,1684,1473,fft_400,0.5,0.060047764,0.06605254,0.054042988,0.078062095,0.04803821
198,2016-01-19 21:51:00,T001,SENSOR 7,1680,1381,fft_4000,1.25,0.13210508,0.09607642,0.072057314,0.09007165,0.072057314
199,2016-01-19 21:51:00,T001,SENSOR 7,1680,1381,fft_100,0.125,0.04803821,0.04803821,0.04803821,0.04803821,0.04803821
200,2016-01-19 21:51:00,T001,SENSOR 7,1680,1381,fft_400,0.5,0.060047764,0.06605254,0.036028657,0.054042988,0.036028657
201,2016-01-19 22:43:03,T001,SENSOR 7,1684,1380,fft_4000,1.25,0.12009553,0.12009553,0.072057314,0.09007165,0.06605254
202,2016-01-19 22:43:03,T001,SENSOR 7,1684,1380,fft_100,0.125,0.04803821,0.036028657,0.036028657,0.04803821,0.04803821
203,2016-01-19 22:43:03,T001,SENSOR 7,1684,1380,fft_400,0.5,0.060047764,0.08406687,0.060047764,0.06605254,0.04803821
204,2016-01-20 09:41:03,T001,SENSOR 7,1682,1444,fft_4000,1.25,0.09607642,0.108085975,0.06605254,0.08406687,0.072057314
205,2016-01-20 09:41:03,T001,SENSOR 7,1682,1444,fft_100,0.125,0.06605254,0.04803821,0.036028657,0.036028657,0.036028657
206,2016-01-20 09:41:03,T001,SENSOR 7,1682,1444,fft_400,0.5,0.054042988,0.11409075,0.04803821,0.072057314,0.036028657
207,2016-01-20 14:58:01,T001,SENSOR 7,1680,1639,fft_4000,1.25,0.11409075,0.108085975,0.06605254,0.08406687,0.072057314
208,2016-01-20 14:58:01,T001,SENSOR 7,1680,1639,fft_100,0.125,0.04803821,0.030023882,0.024019105,0.036028657,0.030023882
209,2016-01-20 14:58:01,T001,SENSOR 7,1680,1639,fft_400,0.5,0.072057314,0.054042988,0.036028657,0.060047764,0.036028657
210,2016-01-20 15:40:00,T001,SENSOR 7,1684,1397,fft_4000,1.25,0.09607642,0.072057314,0.072057314,0.08406687,0.072057314
211,2016-01-20 15:40:00,T001,SENSOR 7,1684,1397,fft_100,0.125,0.04803821,0.04803821,0.030023882,0.04803821,0.036028657
212,2016-01-20 15:40:00,T001,SENSOR 7,1684,1397,fft_400,0.5,0.060047764,0.06605254,0.054042988,0.036028657,0.036028657
213,2016-01-20 16:02:05,T001,SENSOR 7,1684,1359,fft_4000,1.25,0.13210508,0.09007165,0.072057314,0.09007165,0.072057314
214,2016-01-20 16:02:05,T001,SENSOR 7,1684,1359,fft_100,0.125,0.072057314,0.060047764,0.036028657,0.036028657,0.04803821
215,2016-01-20 16:02:05,T001,SENSOR 7,1684,1359,fft_400,0.5,0.060047764,0.054042988,0.04803821,0.054042988,0.04803821
216,2016-01-20 16:40:04,T001,SENSOR 7,1688,1502,fft_4000,1.25,0.1261003,0.108085975,0.060047764,0.09007165,0.072057314
217,2016-01-20 16:40:04,T001,SENSOR 7,1688,1502,fft_100,0.125,0.060047764,0.04803821,0.036028657,0.04803821,0.036028657
218,2016-01-20 16:40:04,T001,SENSOR 7,1688,1502,fft_400,0.5,0.036028657,0.054042988,0.04803821,0.04803821,0.054042988
219,2016-01-20 23:40:02,T001,SENSOR 7,1681,1508,fft_4000,1.25,0.102081195,0.09607642,0.06605254,0.072057314,0.06605254
220,2016-01-20 23:40:02,T001,SENSOR 7,1681,1508,fft_100,0.125,0.09007165,0.04803821,0.04803821,0.04803821,0.036028657
221,2016-01-20 23:40:02,T001,SENSOR 7,1681,1508,fft_400,0.5,0.060047764,0.06605254,0.04803821,0.06605254,0.04803821
222,2016-01-21 03:27:02,T001,SENSOR 7,1686,1498,fft_4000,1.25,0.09607642,0.09607642,0.072057314,0.08406687,0.072057314
223,2016-01-21 03:27:02,T001,SENSOR 7,1686,1498,fft_100,0.125,0.04803821,0.04803821,0.04803821,0.04803821,0.04803821
224,2016-01-21 03:27:02,T001,SENSOR 7,1686,1498,fft_400,0.5,0.09007165,0.078062095,0.024019105,0.036028657,0.036028657
225,2016-01-21 04:26:00,T001,SENSOR 7,1678,1425,fft_4000,1.25,0.108085975,0.08406687,0.072057314,0.072057314,0.072057314
226,2016-01-21 04:26:00,T001,SENSOR 7,1678,1425,fft_100,0.125,0.06605254,0.04803821,0.036028657,0.060047764,0.030023882
227,2016-01-21 04:26:00,T001,SENSOR 7,1678,1425,fft_400,0.5,0.054042988,0.072057314,0.036028657,0.060047764,0.04803821
228,2016-01-14 17:20:04,T001,SENSOR 8,1672,1645,fft_4000,1.25,0.08972987,0.17945974,0.07178389,0.08374788,0.07178389
229,2016-01-14 17:20:04,T001,SENSOR 8,1672,1645,fft_100,0.125,0.04785593,0.10169385,0.04785593,0.04785593,0.04785593
230,2016-01-14 17:20:04,T001,SENSOR 8,1672,1645,fft_400,0.5,0.07776588,0.08972987,0.05981991,0.08972987,0.05981991
231,2016-01-14 18:29:01,T001,SENSOR 8,1676,1476,fft_4000,1.25,0.08972987,0.12562181,0.05981991,0.08972987,0.07178389
232,2016-01-14 18:29:01,T001,SENSOR 8,1676,1476,fft_100,0.125,0.04785593,0.08972987,0.04785593,0.04785593,0.011963982
233,2016-01-14 18:29:01,T001,SENSOR 8,1676,1476,fft_400,0.5,0.08374788,0.08374788,0.0658019,0.0658019,0.0658019
234,2016-01-14 18:38:03,T001,SENSOR 8,1690,1462,fft_4000,1.25,0.10169385,0.17945974,0.05981991,0.08374788,0.07178389
235,2016-01-14 18:38:03,T001,SENSOR 8,1690,1462,fft_100,0.125,0.05981991,0.0658019,0.029909955,0.035891946,0.023927964
236,2016-01-14 18:38:03,T001,SENSOR 8,1690,1462,fft_400,0.5,0.10169385,0.07178389,0.0658019,0.07776588,0.0658019
237,2016-01-15 17:50:05,T001,SENSOR 8,1673,1450,fft_4000,1.25,0.10169385,0.16749576,0.07178389,0.08972987,0.07178389
238,2016-01-15 17:50:05,T001,SENSOR 8,1673,1450,fft_100,0.125,0.04785593,0.107675835,0.029909955,0.04785593,0.029909955
239,2016-01-15 17:50:05,T001,SENSOR 8,1673,1450,fft_400,0.5,0.07776588,0.08972987,0.07776588,0.05981991,0.08374788
240,2016-01-15 18:16:02,T001,SENSOR 8,1672,1577,fft_4000,1.25,0.09571186,0.14954978,0.07178389,0.08972987,0.07178389
241,2016-01-15 18:16:02,T001,SENSOR 8,1672,1577,fft_100,0.125,0.035891946,0.10169385,0.029909955,0.029909955,0.04785593
242,2016-01-15 18:16:02,T001,SENSOR 8,1672,1577,fft_400,0.5,0.11963982,0.13758579,0.0658019,0.09571186,0.08374788
243,2016-01-15 22:49:04,T001,SENSOR 8,1669,1372,fft_4000,1.25,0.09571186,0.14356779,0.07178389,0.08374788,0.07178389
244,2016-01-15 22:49:04,T001,SENSOR 8,1669,1372,fft_100,0.125,0.04785593,0.11365783,0.029909955,0.035891946,0.04785593
245,2016-01-15 22:49:04,T001,SENSOR 8,1669,1372,fft_400,0.5,0.07776588,0.1316038,0.0658019,0.08972987,0.07178389
246,2016-01-17 16:16:05,T001,SENSOR 8,1675,1446,fft_4000,1.25,0.107675835,0.16749576,0.05981991,0.08972987,0.07178389
247,2016-01-17 16:16:05,T001,SENSOR 8,1675,1446,fft_100,0.125,0.04785593,0.09571186,0.029909955,0.035891946,0.035891946
248,2016-01-17 16:16:05,T001,SENSOR 8,1675,1446,fft_400,0.5,0.09571186,0.0658019,0.04785593,0.08374788,0.0658019
249,2016-01-19 20:44:01,T001,SENSOR 8,1684,1366,fft_4000,1.25,0.09571186,0.2033877,0.07178389,0.07178389,0.0658019
250,2016-01-19 20:44:01,T001,SENSOR 8,1684,1366,fft_100,0.125,0.04785593,0.10169385,0.029909955,0.029909955,0.029909955
251,2016-01-19 20:44:01,T001,SENSOR 8,1684,1366,fft_400,0.5,0.07776588,0.08972987,0.05981991,0.09571186,0.0658019
252,2016-01-19 20:57:03,T001,SENSOR 8,1684,1473,fft_4000,1.25,0.08972987,0.16749576,0.07178389,0.07178389,0.0658019
253,2016-01-19 20:57:03,T001,SENSOR 8,1684,1473,fft_100,0.125,0.04785593,0.107675835,0.011963982,0.035891946,0.029909955
254,2016-01-19 20:57:03,T001,SENSOR 8,1684,1473,fft_400,0.5,0.11963982,0.0658019,0.07178389,0.08374788,0.05981991
255,2016-01-19 21:51:00,T001,SENSOR 8,1680,1381,fft_4000,1.25,0.08972987,0.14356779,0.05981991,0.07178389,0.07178389
256,2016-01-19 21:51:00,T001,SENSOR 8,1680,1381,fft_100,0.125,0.035891946,0.09571186,0.035891946,0.035891946,0.035891946
257,2016-01-19 21:51:00,T001,SENSOR 8,1680,1381,fft_400,0.5,0.09571186,0.107675835,0.05981991,0.0658019,0.053837918
258,2016-01-19 22:43:03,T001,SENSOR 8,1684,1380,fft_4000,1.25,0.08972987,0.15553176,0.07178389,0.08374788,0.07178389
259,2016-01-19 22:43:03,T001,SENSOR 8,1684,1380,fft_100,0.125,0.04785593,0.08374788,0.029909955,0.04785593,0.029909955
260,2016-01-19 22:43:03,T001,SENSOR 8,1684,1380,fft_400,0.5,0.08972987,0.05981991,0.0658019,0.08374788,0.0658019
261,2016-01-20 09:41:03,T001,SENSOR 8,1682,1444,fft_4000,1.25,0.08972987,0.14356779,0.08374788,0.07178389,0.07178389
262,2016-01-20 09:41:03,T001,SENSOR 8,1682,1444,fft_100,0.125,0.04785593,0.10169385,0.04785593,0.035891946,0.04785593
263,2016-01-20 09:41:03,T001,SENSOR 8,1682,1444,fft_400,0.5,0.08972987,0.14356779,0.05981991,0.07178389,0.05981991
264,2016-01-20 14:58:01,T001,SENSOR 8,1680,1639,fft_4000,1.25,0.10169385,0.15553176,0.05981991,0.07178389,0.07178389
265,2016-01-20 14:58:01,T001,SENSOR 8,1680,1639,fft_100,0.125,0.0658019,0.11963982,0.029909955,0.029909955,0.029909955
266,2016-01-20 14:58:01,T001,SENSOR 8,1680,1639,fft_400,0.5,0.08374788,0.07776588,0.035891946,0.05981991,0.0658019
267,2016-01-20 15:40:00,T001,SENSOR 8,1684,1397,fft_4000,1.25,0.10169385,0.14954978,0.07178389,0.08374788,0.07178389
268,2016-01-20 15:40:00,T001,SENSOR 8,1684,1397,fft_100,0.125,0.04785593,0.11963982,0.029909955,0.035891946,0.035891946
269,2016-01-20 15:40:00,T001,SENSOR 8,1684,1397,fft_400,0.5,0.05981991,0.0658019,0.035891946,0.05981991,0.07178389
270,2016-01-20 16:02:05,T001,SENSOR 8,1684,1359,fft_4000,1.25,0.08972987,0.22133367,0.07178389,0.08972987,0.07178389
271,2016-01-20 16:02:05,T001,SENSOR 8,1684,1359,fft_100,0.125,0.04785593,0.11963982,0.035891946,0.04785593,0.04785593
272,2016-01-20 16:02:05,T001,SENSOR 8,1684,1359,fft_400,0.5,0.10169385,0.07178389,0.053837918,0.0658019,0.053837918
273,2016-01-20 16:40:04,T001,SENSOR 8,1688,1502,fft_4000,1.25,0.09571186,0.1316038,0.0658019,0.08972987,0.0658019
274,2016-01-20 16:40:04,T001,SENSOR 8,1688,1502,fft_100,0.125,0.04785593,0.10169385,0.029909955,0.04785593,0.035891946
275,2016-01-20 16:40:04,T001,SENSOR 8,1688,1502,fft_400,0.5,0.09571186,0.053837918,0.035891946,0.04785593,0.053837918
276,2016-01-20 23:40:02,T001,SENSOR 8,1681,1508,fft_4000,1.25,0.09571186,0.16749576,0.07178389,0.08374788,0.07178389
277,2016-01-20 23:40:02,T001,SENSOR 8,1681,1508,fft_100,0.125,0.08374788,0.14356779,0.029909955,0.035891946,0.035891946
278,2016-01-20 23:40:02,T001,SENSOR 8,1681,1508,fft_400,0.5,0.08374788,0.08374788,0.035891946,0.08972987,0.05981991
279,2016-01-21 03:27:02,T001,SENSOR 8,1686,1498,fft_4000,1.25,0.08972987,0.1316038,0.07178389,0.07178389,0.07178389
280,2016-01-21 03:27:02,T001,SENSOR 8,1686,1498,fft_100,0.125,0.04785593,0.09571186,0.029909955,0.035891946,0.029909955
281,2016-01-21 03:27:02,T001,SENSOR 8,1686,1498,fft_400,0.5,0.07776588,0.0658019,0.05981991,0.05981991,0.05981991
282,2016-01-21 04:26:00,T001,SENSOR 8,1678,1425,fft_4000,1.25,0.09571186,0.14954978,0.07178389,0.08972987,0.07178389
283,2016-01-21 04:26:00,T001,SENSOR 8,1678,1425,fft_100,0.125,0.04785593,0.1316038,0.035891946,0.035891946,0.029909955
284,2016-01-21 04:26:00,T001,SENSOR 8,1678,1425,fft_400,0.5,0.05981991,0.05981991,0.0658019,0.07776588,0.035891946
